"","participant_private_id","condition1","testexpect","cr","fa","hit","miss","hr","zhr","zfa","dprime"
"1",1531474,"Arial","low",37,0.212765957446809,21,26,0.446808510638298,-0.133728811791069,-0.796860738826714,0.663131927035645
"2",1531474,"Sans Forgetica","low",36,0.234042553191489,20,27,0.425531914893617,-0.187761229176118,-0.725598230194562,0.537837001018444
"3",1531487,"Arial","low",25,0.468085106382979,20,27,0.425531914893617,-0.187761229176118,-0.0800842957968131,-0.107676933379305
"4",1531487,"Sans Forgetica","low",26,0.446808510638298,23,24,0.48936170212766,-0.0266694193761599,-0.133728811791069,0.107059392414909
"5",1531488,"Arial","low",40,0.148936170212766,20,27,0.425531914893617,-0.187761229176118,-1.04100691175612,0.85324568258
"6",1531488,"Sans Forgetica","low",34,0.276595744680851,32,15,0.680851063829787,0.470079986348763,-0.592984553981632,1.06306454033039
"7",1531494,"Arial","low",47,0.01,42,5,0.893617021276596,1.24599574462694,-2.32634787404084,3.57234361866778
"8",1531494,"Sans Forgetica","low",47,0.01,42,5,0.893617021276596,1.24599574462694,-2.32634787404084,3.57234361866778
"9",1531503,"Arial","low",30,0.361702127659574,18,29,0.382978723404255,-0.297666850186396,-0.353912771664911,0.0562459214785151
"10",1531503,"Sans Forgetica","low",12,0.74468085106383,32,15,0.680851063829787,0.470079986348763,0.657844124431857,-0.187764138083095
"11",1531504,"Arial","low",43,0.0851063829787234,23,24,0.48936170212766,-0.0266694193761599,-1.37152047280283,1.34485105342667
"12",1531504,"Sans Forgetica","low",38,0.191489361702128,21,26,0.446808510638298,-0.133728811791069,-0.87242104571719,0.738692233926121
"13",1531518,"Arial","low",35,0.25531914893617,27,20,0.574468085106383,0.187761229176118,-0.657844124431858,0.845605353607976
"14",1531518,"Sans Forgetica","low",26,0.446808510638298,36,11,0.765957446808511,0.725598230194562,-0.133728811791069,0.859327041985631
"15",1531520,"Arial","low",23,0.51063829787234,24,23,0.51063829787234,0.0266694193761598,0.0266694193761598,0
"16",1531520,"Sans Forgetica","low",22,0.531914893617021,24,23,0.51063829787234,0.0266694193761598,0.0800842957968131,-0.0534148764206533
"17",1531522,"Arial","low",39,0.170212765957447,18,29,0.382978723404255,-0.297666850186396,-0.953324795893626,0.65565794570723
"18",1531522,"Sans Forgetica","low",34,0.276595744680851,26,21,0.553191489361702,0.133728811791069,-0.592984553981632,0.726713365772701
"19",1531528,"Arial","low",21,0.553191489361702,31,16,0.659574468085106,0.411302053760771,0.133728811791069,0.277573241969702
"20",1531528,"Sans Forgetica","low",16,0.659574468085106,34,13,0.723404255319149,0.592984553981632,0.411302053760771,0.181682500220861
"21",1531532,"Arial","low",28,0.404255319148936,27,20,0.574468085106383,0.187761229176118,-0.242347851741802,0.43010908091792
"22",1531532,"Sans Forgetica","low",17,0.638297872340426,39,8,0.829787234042553,0.953324795893626,0.353912771664911,0.599412024228715
"23",1531534,"Arial","low",33,0.297872340425532,27,20,0.574468085106383,0.187761229176118,-0.530529760189066,0.718290989365184
"24",1531534,"Sans Forgetica","low",19,0.595744680851064,34,13,0.723404255319149,0.592984553981632,0.242347851741802,0.35063670223983
"25",1531536,"Arial","low",30,0.361702127659574,32,15,0.680851063829787,0.470079986348763,-0.353912771664911,0.823992758013674
"26",1531536,"Sans Forgetica","low",33,0.297872340425532,34,13,0.723404255319149,0.592984553981632,-0.530529760189066,1.1235143141707
"27",1531537,"Arial","low",40,0.148936170212766,34,13,0.723404255319149,0.592984553981632,-1.04100691175612,1.63399146573775
"28",1531537,"Sans Forgetica","low",38,0.191489361702128,33,14,0.702127659574468,0.530529760189066,-0.87242104571719,1.40295080590626
"29",1531542,"Arial","low",33,0.297872340425532,19,28,0.404255319148936,-0.242347851741802,-0.530529760189066,0.288181908447264
"30",1531542,"Sans Forgetica","low",27,0.425531914893617,28,19,0.595744680851064,0.242347851741802,-0.187761229176118,0.43010908091792
"31",1531544,"Arial","low",26,0.446808510638298,30,17,0.638297872340426,0.353912771664911,-0.133728811791069,0.48764158345598
"32",1531544,"Sans Forgetica","low",20,0.574468085106383,34,13,0.723404255319149,0.592984553981632,0.187761229176118,0.405223324805514
"33",1531546,"Arial","low",3,0.936170212765957,47,NA,0.99,2.32634787404084,1.52339635071863,0.802951523322209
"34",1531546,"Sans Forgetica","low",2,0.957446808510638,47,NA,0.99,2.32634787404084,1.72179653240106,0.604551341639779
"35",1531550,"Arial","low",35,0.25531914893617,19,28,0.404255319148936,-0.242347851741802,-0.657844124431858,0.415496272690055
"36",1531550,"Sans Forgetica","low",25,0.468085106382979,36,11,0.765957446808511,0.725598230194562,-0.0800842957968131,0.805682525991375
"37",1531551,"Arial","low",40,0.148936170212766,24,23,0.51063829787234,0.0266694193761598,-1.04100691175612,1.06767633113228
"38",1531551,"Sans Forgetica","low",42,0.106382978723404,28,19,0.595744680851064,0.242347851741802,-1.24599574462694,1.48834359636874
"39",1531554,"Arial","low",32,0.319148936170213,21,26,0.446808510638298,-0.133728811791069,-0.470079986348763,0.336351174557694
"40",1531554,"Sans Forgetica","low",33,0.297872340425532,24,23,0.51063829787234,0.0266694193761598,-0.530529760189066,0.557199179565226
"41",1531555,"Arial","low",2,0.957446808510638,47,NA,0.99,2.32634787404084,1.72179653240106,0.604551341639779
"42",1531555,"Sans Forgetica","low",47,0.01,NA,47,0.99,2.32634787404084,-2.32634787404084,4.65269574808168
"43",1531556,"Arial","low",37,0.212765957446809,31,16,0.659574468085106,0.411302053760771,-0.796860738826714,1.20816279258748
"44",1531556,"Sans Forgetica","low",40,0.148936170212766,36,11,0.765957446808511,0.725598230194562,-1.04100691175612,1.76660514195068
"45",1531557,"Arial","low",21,0.553191489361702,36,11,0.765957446808511,0.725598230194562,0.133728811791069,0.591869418403493
"46",1531557,"Sans Forgetica","low",15,0.680851063829787,42,5,0.893617021276596,1.24599574462694,0.470079986348763,0.775915758278175
"47",1531560,"Arial","low",26,0.446808510638298,31,16,0.659574468085106,0.411302053760771,-0.133728811791069,0.54503086555184
"48",1531560,"Sans Forgetica","low",19,0.595744680851064,37,10,0.787234042553192,0.796860738826714,0.242347851741802,0.554512887084912
"49",1531561,"Arial","low",28,0.404255319148936,23,24,0.48936170212766,-0.0266694193761599,-0.242347851741802,0.215678432365642
"50",1531561,"Sans Forgetica","low",20,0.574468085106383,33,14,0.702127659574468,0.530529760189066,0.187761229176118,0.342768531012948
"51",1531566,"Arial","low",26,0.446808510638298,26,21,0.553191489361702,0.133728811791069,-0.133728811791069,0.267457623582138
"52",1531566,"Sans Forgetica","low",14,0.702127659574468,33,14,0.702127659574468,0.530529760189066,0.530529760189066,0
"53",1531569,"Arial","low",42,0.106382978723404,21,26,0.446808510638298,-0.133728811791069,-1.24599574462694,1.11226693283587
"54",1531569,"Sans Forgetica","low",41,0.127659574468085,28,19,0.595744680851064,0.242347851741802,-1.13752435547256,1.37987220721436
"55",1531571,"Arial","low",29,0.382978723404255,19,28,0.404255319148936,-0.242347851741802,-0.297666850186396,0.0553189984445938
"56",1531571,"Sans Forgetica","low",22,0.531914893617021,24,23,0.51063829787234,0.0266694193761598,0.0800842957968131,-0.0534148764206533
"57",1531572,"Arial","low",34,0.276595744680851,11,36,0.234042553191489,-0.725598230194562,-0.592984553981632,-0.13261367621293
"58",1531572,"Sans Forgetica","low",35,0.25531914893617,14,33,0.297872340425532,-0.530529760189066,-0.657844124431858,0.127314364242791
"59",1531574,"Arial","low",41,0.127659574468085,14,33,0.297872340425532,-0.530529760189066,-1.13752435547256,0.606994595283491
"60",1531574,"Sans Forgetica","low",29,0.382978723404255,26,21,0.553191489361702,0.133728811791069,-0.297666850186396,0.431395661977465
"61",1531581,"Arial","low",36,0.234042553191489,15,32,0.319148936170213,-0.470079986348763,-0.725598230194562,0.255518243845799
"62",1531581,"Sans Forgetica","low",39,0.170212765957447,19,28,0.404255319148936,-0.242347851741802,-0.953324795893626,0.710976944151824
"63",1531585,"Arial","low",41,0.127659574468085,27,20,0.574468085106383,0.187761229176118,-1.13752435547256,1.32528558464868
"64",1531585,"Sans Forgetica","low",42,0.106382978723404,30,17,0.638297872340426,0.353912771664911,-1.24599574462694,1.59990851629185
"65",1531586,"Arial","low",31,0.340425531914894,31,16,0.659574468085106,0.411302053760771,-0.411302053760771,0.822604107521542
"66",1531586,"Sans Forgetica","low",23,0.51063829787234,37,10,0.787234042553192,0.796860738826714,0.0266694193761598,0.770191319450554
"67",1531588,"Arial","low",27,0.425531914893617,23,24,0.48936170212766,-0.0266694193761599,-0.187761229176118,0.161091809799958
"68",1531588,"Sans Forgetica","low",26,0.446808510638298,32,15,0.680851063829787,0.470079986348763,-0.133728811791069,0.603808798139831
"69",1531590,"Arial","low",39,0.170212765957447,27,20,0.574468085106383,0.187761229176118,-0.953324795893626,1.14108602506974
"70",1531590,"Sans Forgetica","low",39,0.170212765957447,37,10,0.787234042553192,0.796860738826714,-0.953324795893626,1.75018553472034
"71",1531591,"Arial","low",36,0.234042553191489,28,19,0.595744680851064,0.242347851741802,-0.725598230194562,0.967946081936364
"72",1531591,"Sans Forgetica","low",29,0.382978723404255,37,10,0.787234042553192,0.796860738826714,-0.297666850186396,1.09452758901311
"73",1531592,"Arial","low",26,0.446808510638298,23,24,0.48936170212766,-0.0266694193761599,-0.133728811791069,0.107059392414909
"74",1531592,"Sans Forgetica","low",29,0.382978723404255,21,26,0.446808510638298,-0.133728811791069,-0.297666850186396,0.163938038395327
"75",1531593,"Arial","low",26,0.446808510638298,17,30,0.361702127659574,-0.353912771664911,-0.133728811791069,-0.220183959873842
"76",1531593,"Sans Forgetica","low",25,0.468085106382979,34,13,0.723404255319149,0.592984553981632,-0.0800842957968131,0.673068849778445
"77",1531600,"Arial","low",37,0.212765957446809,28,19,0.595744680851064,0.242347851741802,-0.796860738826714,1.03920859056852
"78",1531600,"Sans Forgetica","low",38,0.191489361702128,38,9,0.808510638297872,0.872421045717189,-0.87242104571719,1.74484209143438
"79",1531605,"Arial","low",30,0.361702127659574,19,28,0.404255319148936,-0.242347851741802,-0.353912771664911,0.111564919923109
"80",1531605,"Sans Forgetica","low",35,0.25531914893617,35,12,0.74468085106383,0.657844124431857,-0.657844124431858,1.31568824886371
"81",1531607,"Arial","low",35,0.25531914893617,34,13,0.723404255319149,0.592984553981632,-0.657844124431858,1.25082867841349
"82",1531607,"Sans Forgetica","low",36,0.234042553191489,33,14,0.702127659574468,0.530529760189066,-0.725598230194562,1.25612799038363
"83",1531612,"Arial","high",37,0.212765957446809,20,27,0.425531914893617,-0.187761229176118,-0.796860738826714,0.609099509650596
"84",1531612,"Sans Forgetica","high",29,0.382978723404255,38,9,0.808510638297872,0.872421045717189,-0.297666850186396,1.17008789590359
"85",1531613,"Arial","low",44,0.0638297872340425,7,40,0.148936170212766,-1.04100691175612,-1.52339635071863,0.482389438962514
"86",1531613,"Sans Forgetica","low",41,0.127659574468085,16,31,0.340425531914894,-0.411302053760771,-1.13752435547256,0.726222301711786
"87",1531615,"Arial","low",33,0.297872340425532,21,26,0.446808510638298,-0.133728811791069,-0.530529760189066,0.396800948397997
"88",1531615,"Sans Forgetica","low",21,0.553191489361702,33,14,0.702127659574468,0.530529760189066,0.133728811791069,0.396800948397997
"89",1531620,"Arial","low",33,0.297872340425532,16,31,0.340425531914894,-0.411302053760771,-0.530529760189066,0.119227706428295
"90",1531620,"Sans Forgetica","low",19,0.595744680851064,40,7,0.851063829787234,1.04100691175612,0.242347851741802,0.798659060014315
"91",1531621,"Arial","low",43,0.0851063829787234,21,26,0.446808510638298,-0.133728811791069,-1.37152047280283,1.23779166101176
"92",1531621,"Sans Forgetica","low",42,0.106382978723404,32,15,0.680851063829787,0.470079986348763,-1.24599574462694,1.7160757309757
"93",1531622,"Arial","low",36,0.234042553191489,8,39,0.170212765957447,-0.953324795893626,-0.725598230194562,-0.227726565699064
"94",1531622,"Sans Forgetica","low",34,0.276595744680851,22,25,0.468085106382979,-0.0800842957968131,-0.592984553981632,0.512900258184819
"95",1531625,"Arial","low",25,0.468085106382979,29,18,0.617021276595745,0.297666850186396,-0.0800842957968131,0.377751145983209
"96",1531625,"Sans Forgetica","low",15,0.680851063829787,35,12,0.74468085106383,0.657844124431857,0.470079986348763,0.187764138083095
"97",1531626,"Arial","low",46,0.0212765957446809,30,17,0.638297872340426,0.353912771664911,-2.02806914493391,2.38198191659882
"98",1531626,"Sans Forgetica","low",46,0.0212765957446809,31,16,0.659574468085106,0.411302053760771,-2.02806914493391,2.43937119869468
"99",1531628,"Arial","low",36,0.234042553191489,21,26,0.446808510638298,-0.133728811791069,-0.725598230194562,0.591869418403493
"100",1531628,"Sans Forgetica","low",31,0.340425531914894,21,26,0.446808510638298,-0.133728811791069,-0.411302053760771,0.277573241969702
"101",1531632,"Arial","low",19,0.595744680851064,38,9,0.808510638297872,0.872421045717189,0.242347851741802,0.630073193975387
"102",1531632,"Sans Forgetica","low",21,0.553191489361702,41,6,0.872340425531915,1.13752435547256,0.133728811791069,1.00379554368149
"103",1531634,"Arial","high",29,0.382978723404255,29,18,0.617021276595745,0.297666850186396,-0.297666850186396,0.595333700372792
"104",1531634,"Sans Forgetica","high",34,0.276595744680851,32,15,0.680851063829787,0.470079986348763,-0.592984553981632,1.06306454033039
"105",1531638,"Arial","low",13,0.723404255319149,29,18,0.617021276595745,0.297666850186396,0.592984553981632,-0.295317703795236
"106",1531638,"Sans Forgetica","low",17,0.638297872340426,32,15,0.680851063829787,0.470079986348763,0.353912771664911,0.116167214683851
"107",1531639,"Arial","low",20,0.574468085106383,27,20,0.574468085106383,0.187761229176118,0.187761229176118,0
"108",1531639,"Sans Forgetica","low",9,0.808510638297872,42,5,0.893617021276596,1.24599574462694,0.872421045717189,0.373574698909748
"109",1531640,"Arial","low",36,0.234042553191489,21,26,0.446808510638298,-0.133728811791069,-0.725598230194562,0.591869418403493
"110",1531640,"Sans Forgetica","low",31,0.340425531914894,29,18,0.617021276595745,0.297666850186396,-0.411302053760771,0.708968903947167
"111",1531643,"Arial","low",32,0.319148936170213,21,26,0.446808510638298,-0.133728811791069,-0.470079986348763,0.336351174557694
"112",1531643,"Sans Forgetica","low",17,0.638297872340426,41,6,0.872340425531915,1.13752435547256,0.353912771664911,0.783611583807646
"113",1531644,"Arial","low",22,0.531914893617021,31,16,0.659574468085106,0.411302053760771,0.0800842957968131,0.331217757963958
"114",1531644,"Sans Forgetica","low",19,0.595744680851064,26,21,0.553191489361702,0.133728811791069,0.242347851741802,-0.108619039950733
"115",1531645,"Arial","low",47,0.01,5,42,0.106382978723404,-1.24599574462694,-2.32634787404084,1.0803521294139
"116",1531645,"Sans Forgetica","low",44,0.0638297872340425,6,41,0.127659574468085,-1.13752435547256,-1.52339635071863,0.385871995246074
"117",1531647,"Arial","low",31,0.340425531914894,31,16,0.659574468085106,0.411302053760771,-0.411302053760771,0.822604107521542
"118",1531647,"Sans Forgetica","low",14,0.702127659574468,41,6,0.872340425531915,1.13752435547256,0.530529760189066,0.606994595283491
"119",1531654,"Arial","low",26,0.446808510638298,34,13,0.723404255319149,0.592984553981632,-0.133728811791069,0.726713365772701
"120",1531654,"Sans Forgetica","low",19,0.595744680851064,43,4,0.914893617021277,1.37152047280283,0.242347851741802,1.12917262106103
"121",1531656,"Arial","high",39,0.170212765957447,10,37,0.212765957446809,-0.796860738826714,-0.953324795893626,0.156464057066912
"122",1531656,"Sans Forgetica","high",4,0.914893617021277,39,8,0.829787234042553,0.953324795893626,1.37152047280283,-0.418195676909206
"123",1531657,"Arial","low",44,0.0638297872340425,18,29,0.382978723404255,-0.297666850186396,-1.52339635071863,1.22572950053224
"124",1531657,"Sans Forgetica","low",43,0.0851063829787234,19,28,0.404255319148936,-0.242347851741802,-1.37152047280283,1.12917262106103
"125",1531663,"Arial","low",37,0.212765957446809,34,13,0.723404255319149,0.592984553981632,-0.796860738826714,1.38984529280835
"126",1531663,"Sans Forgetica","low",35,0.25531914893617,31,16,0.659574468085106,0.411302053760771,-0.657844124431858,1.06914617819263
"127",1531664,"Arial","low",44,0.0638297872340425,16,31,0.340425531914894,-0.411302053760771,-1.52339635071863,1.11209429695786
"128",1531664,"Sans Forgetica","low",39,0.170212765957447,18,29,0.382978723404255,-0.297666850186396,-0.953324795893626,0.65565794570723
"129",1531665,"Arial","low",23,0.51063829787234,36,11,0.765957446808511,0.725598230194562,0.0266694193761598,0.698928810818402
"130",1531665,"Sans Forgetica","low",20,0.574468085106383,33,14,0.702127659574468,0.530529760189066,0.187761229176118,0.342768531012948
"131",1531666,"Arial","low",28,0.404255319148936,23,24,0.48936170212766,-0.0266694193761599,-0.242347851741802,0.215678432365642
"132",1531666,"Sans Forgetica","low",20,0.574468085106383,29,18,0.617021276595745,0.297666850186396,0.187761229176118,0.109905621010278
"133",1531669,"Arial","low",30,0.361702127659574,27,20,0.574468085106383,0.187761229176118,-0.353912771664911,0.541674000841029
"134",1531669,"Sans Forgetica","low",32,0.319148936170213,28,19,0.595744680851064,0.242347851741802,-0.470079986348763,0.712427838090565
"135",1531670,"Arial","low",39,0.170212765957447,34,13,0.723404255319149,0.592984553981632,-0.953324795893626,1.54630934987526
"136",1531670,"Sans Forgetica","low",37,0.212765957446809,42,5,0.893617021276596,1.24599574462694,-0.796860738826714,2.04285648345365
"137",1531671,"Arial","low",26,0.446808510638298,22,25,0.468085106382979,-0.0800842957968131,-0.133728811791069,0.0536445159942559
"138",1531671,"Sans Forgetica","low",21,0.553191489361702,24,23,0.51063829787234,0.0266694193761598,0.133728811791069,-0.107059392414909
"139",1531677,"Arial","low",28,0.404255319148936,28,19,0.595744680851064,0.242347851741802,-0.242347851741802,0.484695703483604
"140",1531677,"Sans Forgetica","low",13,0.723404255319149,40,7,0.851063829787234,1.04100691175612,0.592984553981632,0.448022357774486
"141",1531679,"Arial","low",45,0.0425531914893617,4,43,0.0851063829787234,-1.37152047280283,-1.72179653240106,0.350276059598228
"142",1531679,"Sans Forgetica","low",37,0.212765957446809,26,21,0.553191489361702,0.133728811791069,-0.796860738826714,0.930589550617783
"143",1531680,"Arial","low",44,0.0638297872340425,7,40,0.148936170212766,-1.04100691175612,-1.52339635071863,0.482389438962514
"144",1531680,"Sans Forgetica","low",39,0.170212765957447,21,26,0.446808510638298,-0.133728811791069,-0.953324795893626,0.819595984102557
"145",1531684,"Arial","low",35,0.25531914893617,17,30,0.361702127659574,-0.353912771664911,-0.657844124431858,0.303931352766946
"146",1531684,"Sans Forgetica","low",12,0.74468085106383,41,6,0.872340425531915,1.13752435547256,0.657844124431857,0.4796802310407
"147",1531688,"Arial","low",27,0.425531914893617,23,24,0.48936170212766,-0.0266694193761599,-0.187761229176118,0.161091809799958
"148",1531688,"Sans Forgetica","low",20,0.574468085106383,27,20,0.574468085106383,0.187761229176118,0.187761229176118,0
"149",1531691,"Arial","low",38,0.191489361702128,28,19,0.595744680851064,0.242347851741802,-0.87242104571719,1.11476889745899
"150",1531691,"Sans Forgetica","low",25,0.468085106382979,34,13,0.723404255319149,0.592984553981632,-0.0800842957968131,0.673068849778445
"151",1531692,"Arial","low",37,0.212765957446809,19,28,0.404255319148936,-0.242347851741802,-0.796860738826714,0.554512887084912
"152",1531692,"Sans Forgetica","low",41,0.127659574468085,18,29,0.382978723404255,-0.297666850186396,-1.13752435547256,0.839857505286161
"153",1531693,"Arial","low",33,0.297872340425532,20,27,0.425531914893617,-0.187761229176118,-0.530529760189066,0.342768531012948
"154",1531693,"Sans Forgetica","low",25,0.468085106382979,40,7,0.851063829787234,1.04100691175612,-0.0800842957968131,1.12109120755293
"155",1531695,"Arial","low",32,0.319148936170213,38,9,0.808510638297872,0.872421045717189,-0.470079986348763,1.34250103206595
"156",1531695,"Sans Forgetica","low",24,0.48936170212766,38,9,0.808510638297872,0.872421045717189,-0.0266694193761599,0.899090465093349
"157",1531696,"Arial","low",41,0.127659574468085,16,31,0.340425531914894,-0.411302053760771,-1.13752435547256,0.726222301711786
"158",1531696,"Sans Forgetica","low",33,0.297872340425532,20,27,0.425531914893617,-0.187761229176118,-0.530529760189066,0.342768531012948
"159",1531697,"Arial","low",27,0.425531914893617,30,17,0.638297872340426,0.353912771664911,-0.187761229176118,0.541674000841029
"160",1531697,"Sans Forgetica","low",26,0.446808510638298,27,20,0.574468085106383,0.187761229176118,-0.133728811791069,0.321490040967187
"161",1531698,"Arial","low",39,0.170212765957447,22,25,0.468085106382979,-0.0800842957968131,-0.953324795893626,0.873240500096813
"162",1531698,"Sans Forgetica","low",36,0.234042553191489,20,27,0.425531914893617,-0.187761229176118,-0.725598230194562,0.537837001018444
"163",1531699,"Arial","high",30,0.361702127659574,24,23,0.51063829787234,0.0266694193761598,-0.353912771664911,0.380582191041071
"164",1531699,"Sans Forgetica","high",29,0.382978723404255,36,11,0.765957446808511,0.725598230194562,-0.297666850186396,1.02326508038096
"165",1531702,"Arial","low",17,0.638297872340426,30,17,0.638297872340426,0.353912771664911,0.353912771664911,0
"166",1531702,"Sans Forgetica","low",18,0.617021276595745,30,17,0.638297872340426,0.353912771664911,0.297666850186396,0.0562459214785153
"167",1531704,"Arial","low",28,0.404255319148936,17,30,0.361702127659574,-0.353912771664911,-0.242347851741802,-0.111564919923109
"168",1531704,"Sans Forgetica","low",26,0.446808510638298,27,20,0.574468085106383,0.187761229176118,-0.133728811791069,0.321490040967187
"169",1531705,"Arial","high",27,0.425531914893617,29,18,0.617021276595745,0.297666850186396,-0.187761229176118,0.485428079362514
"170",1531705,"Sans Forgetica","high",28,0.404255319148936,34,13,0.723404255319149,0.592984553981632,-0.242347851741802,0.835332405723434
"171",1531706,"Arial","low",41,0.127659574468085,16,31,0.340425531914894,-0.411302053760771,-1.13752435547256,0.726222301711786
"172",1531706,"Sans Forgetica","low",43,0.0851063829787234,11,36,0.234042553191489,-0.725598230194562,-1.37152047280283,0.64592224260827
"173",1531709,"Arial","low",36,0.234042553191489,19,28,0.404255319148936,-0.242347851741802,-0.725598230194562,0.48325037845276
"174",1531709,"Sans Forgetica","low",27,0.425531914893617,29,18,0.617021276595745,0.297666850186396,-0.187761229176118,0.485428079362514
"175",1531712,"Arial","low",23,0.51063829787234,27,20,0.574468085106383,0.187761229176118,0.0266694193761598,0.161091809799958
"176",1531712,"Sans Forgetica","low",26,0.446808510638298,30,17,0.638297872340426,0.353912771664911,-0.133728811791069,0.48764158345598
"177",1531715,"Arial","low",43,0.0851063829787234,6,41,0.127659574468085,-1.13752435547256,-1.37152047280283,0.233996117330275
"178",1531715,"Sans Forgetica","low",40,0.148936170212766,27,20,0.574468085106383,0.187761229176118,-1.04100691175612,1.22876814093224
"179",1531716,"Arial","low",32,0.319148936170213,14,33,0.297872340425532,-0.530529760189066,-0.470079986348763,-0.0604497738403036
"180",1531716,"Sans Forgetica","low",17,0.638297872340426,43,4,0.914893617021277,1.37152047280283,0.353912771664911,1.01760770113792
"181",1531718,"Arial","low",38,0.191489361702128,29,18,0.617021276595745,0.297666850186396,-0.87242104571719,1.17008789590359
"182",1531718,"Sans Forgetica","low",26,0.446808510638298,35,12,0.74468085106383,0.657844124431857,-0.133728811791069,0.791572936222926
"183",1531720,"Arial","low",33,0.297872340425532,21,26,0.446808510638298,-0.133728811791069,-0.530529760189066,0.396800948397997
"184",1531720,"Sans Forgetica","low",15,0.680851063829787,37,10,0.787234042553192,0.796860738826714,0.470079986348763,0.326780752477951
"185",1531721,"Arial","low",30,0.361702127659574,29,18,0.617021276595745,0.297666850186396,-0.353912771664911,0.651579621851307
"186",1531721,"Sans Forgetica","low",36,0.234042553191489,38,9,0.808510638297872,0.872421045717189,-0.725598230194562,1.59801927591175
"187",1531722,"Arial","low",41,0.127659574468085,13,34,0.276595744680851,-0.592984553981632,-1.13752435547256,0.544539801490925
"188",1531722,"Sans Forgetica","low",33,0.297872340425532,31,16,0.659574468085106,0.411302053760771,-0.530529760189066,0.941831813949837
"189",1531723,"Arial","low",32,0.319148936170213,26,21,0.553191489361702,0.133728811791069,-0.470079986348763,0.603808798139831
"190",1531723,"Sans Forgetica","low",31,0.340425531914894,30,17,0.638297872340426,0.353912771664911,-0.411302053760771,0.765214825425683
"191",1531725,"Arial","low",23,0.51063829787234,30,17,0.638297872340426,0.353912771664911,0.0266694193761598,0.327243352288752
"192",1531725,"Sans Forgetica","low",27,0.425531914893617,24,23,0.51063829787234,0.0266694193761598,-0.187761229176118,0.214430648552278
"193",1531730,"Arial","high",39,0.170212765957447,27,20,0.574468085106383,0.187761229176118,-0.953324795893626,1.14108602506974
"194",1531730,"Sans Forgetica","high",38,0.191489361702128,25,22,0.531914893617021,0.0800842957968131,-0.87242104571719,0.952505341514003
"195",1531731,"Arial","low",27,0.425531914893617,22,25,0.468085106382979,-0.0800842957968131,-0.187761229176118,0.107676933379305
"196",1531731,"Sans Forgetica","low",23,0.51063829787234,40,7,0.851063829787234,1.04100691175612,0.0266694193761598,1.01433749237996
"197",1531732,"Arial","high",20,0.574468085106383,38,9,0.808510638297872,0.872421045717189,0.187761229176118,0.684659816541071
"198",1531732,"Sans Forgetica","high",27,0.425531914893617,26,21,0.553191489361702,0.133728811791069,-0.187761229176118,0.321490040967187
"199",1531733,"Arial","low",41,0.127659574468085,21,26,0.446808510638298,-0.133728811791069,-1.13752435547256,1.00379554368149
"200",1531733,"Sans Forgetica","low",35,0.25531914893617,31,16,0.659574468085106,0.411302053760771,-0.657844124431858,1.06914617819263
"201",1531734,"Arial","low",31,0.340425531914894,27,20,0.574468085106383,0.187761229176118,-0.411302053760771,0.599063282936889
"202",1531734,"Sans Forgetica","low",34,0.276595744680851,28,19,0.595744680851064,0.242347851741802,-0.592984553981632,0.835332405723434
"203",1531735,"Arial","low",25,0.468085106382979,41,6,0.872340425531915,1.13752435547256,-0.0800842957968131,1.21760865126937
"204",1531735,"Sans Forgetica","low",28,0.404255319148936,43,4,0.914893617021277,1.37152047280283,-0.242347851741802,1.61386832454463
"205",1531736,"Arial","low",30,0.361702127659574,23,24,0.48936170212766,-0.0266694193761599,-0.353912771664911,0.327243352288751
"206",1531736,"Sans Forgetica","low",23,0.51063829787234,22,25,0.468085106382979,-0.0800842957968131,0.0266694193761598,-0.106753715172973
"207",1531738,"Arial","low",34,0.276595744680851,28,19,0.595744680851064,0.242347851741802,-0.592984553981632,0.835332405723434
"208",1531738,"Sans Forgetica","low",36,0.234042553191489,30,17,0.638297872340426,0.353912771664911,-0.725598230194562,1.07951100185947
"209",1531739,"Arial","low",33,0.297872340425532,29,18,0.617021276595745,0.297666850186396,-0.530529760189066,0.828196610375462
"210",1531739,"Sans Forgetica","low",28,0.404255319148936,29,18,0.617021276595745,0.297666850186396,-0.242347851741802,0.540014701928198
"211",1531740,"Arial","low",42,0.106382978723404,12,35,0.25531914893617,-0.657844124431858,-1.24599574462694,0.58815162019508
"212",1531740,"Sans Forgetica","low",35,0.25531914893617,21,26,0.446808510638298,-0.133728811791069,-0.657844124431858,0.524115312640789
"213",1531741,"Arial","low",33,0.297872340425532,23,24,0.48936170212766,-0.0266694193761599,-0.530529760189066,0.503860340812906
"214",1531741,"Sans Forgetica","low",20,0.574468085106383,37,10,0.787234042553192,0.796860738826714,0.187761229176118,0.609099509650596
"215",1531742,"Arial","low",18,0.617021276595745,24,23,0.51063829787234,0.0266694193761598,0.297666850186396,-0.270997430810236
"216",1531742,"Sans Forgetica","low",18,0.617021276595745,35,12,0.74468085106383,0.657844124431857,0.297666850186396,0.360177274245461
"217",1531744,"Arial","low",31,0.340425531914894,32,15,0.680851063829787,0.470079986348763,-0.411302053760771,0.881382040109534
"218",1531744,"Sans Forgetica","low",33,0.297872340425532,32,15,0.680851063829787,0.470079986348763,-0.530529760189066,1.00060974653783
"219",1531745,"Arial","low",16,0.659574468085106,40,7,0.851063829787234,1.04100691175612,0.411302053760771,0.629704857995346
"220",1531745,"Sans Forgetica","low",32,0.319148936170213,38,9,0.808510638297872,0.872421045717189,-0.470079986348763,1.34250103206595
"221",1531748,"Arial","low",42,0.106382978723404,24,23,0.51063829787234,0.0266694193761598,-1.24599574462694,1.2726651640031
"222",1531748,"Sans Forgetica","low",42,0.106382978723404,31,16,0.659574468085106,0.411302053760771,-1.24599574462694,1.65729779838771
"223",1531751,"Arial","low",39,0.170212765957447,11,36,0.234042553191489,-0.725598230194562,-0.953324795893626,0.227726565699064
"224",1531751,"Sans Forgetica","low",30,0.361702127659574,18,29,0.382978723404255,-0.297666850186396,-0.353912771664911,0.0562459214785151
"225",1531765,"Arial","high",33,0.297872340425532,27,20,0.574468085106383,0.187761229176118,-0.530529760189066,0.718290989365184
"226",1531765,"Sans Forgetica","high",29,0.382978723404255,34,13,0.723404255319149,0.592984553981632,-0.297666850186396,0.890651404168028
"227",1531777,"Arial","high",37,0.212765957446809,21,26,0.446808510638298,-0.133728811791069,-0.796860738826714,0.663131927035645
"228",1531777,"Sans Forgetica","high",33,0.297872340425532,30,17,0.638297872340426,0.353912771664911,-0.530529760189066,0.884442531853978
"229",1531778,"Arial","high",43,0.0851063829787234,35,12,0.74468085106383,0.657844124431857,-1.37152047280283,2.02936459723469
"230",1531778,"Sans Forgetica","high",37,0.212765957446809,40,7,0.851063829787234,1.04100691175612,-0.796860738826714,1.83786765058283
"231",1531783,"Arial","high",35,0.25531914893617,17,30,0.361702127659574,-0.353912771664911,-0.657844124431858,0.303931352766946
"232",1531783,"Sans Forgetica","high",24,0.48936170212766,35,12,0.74468085106383,0.657844124431857,-0.0266694193761599,0.684513543808017
"233",1531785,"Arial","high",36,0.234042553191489,22,25,0.468085106382979,-0.0800842957968131,-0.725598230194562,0.645513934397749
"234",1531785,"Sans Forgetica","high",33,0.297872340425532,20,27,0.425531914893617,-0.187761229176118,-0.530529760189066,0.342768531012948
"235",1531795,"Arial","high",22,0.531914893617021,37,10,0.787234042553192,0.796860738826714,0.0800842957968131,0.716776443029901
"236",1531795,"Sans Forgetica","high",22,0.531914893617021,39,8,0.829787234042553,0.953324795893626,0.0800842957968131,0.873240500096813
"237",1531797,"Arial","high",38,0.191489361702128,31,16,0.659574468085106,0.411302053760771,-0.87242104571719,1.28372309947796
"238",1531797,"Sans Forgetica","high",30,0.361702127659574,32,15,0.680851063829787,0.470079986348763,-0.353912771664911,0.823992758013674
"239",1531804,"Arial","high",23,0.51063829787234,41,6,0.872340425531915,1.13752435547256,0.0266694193761598,1.1108549360964
"240",1531804,"Sans Forgetica","high",26,0.446808510638298,43,4,0.914893617021277,1.37152047280283,-0.133728811791069,1.5052492845939
"241",1531812,"Arial","high",22,0.531914893617021,42,5,0.893617021276596,1.24599574462694,0.0800842957968131,1.16591144883012
"242",1531812,"Sans Forgetica","high",11,0.765957446808511,42,5,0.893617021276596,1.24599574462694,0.725598230194562,0.520397514432375
"243",1531819,"Arial","high",10,0.787234042553192,35,12,0.74468085106383,0.657844124431857,0.796860738826714,-0.139016614394856
"244",1531819,"Sans Forgetica","high",31,0.340425531914894,27,20,0.574468085106383,0.187761229176118,-0.411302053760771,0.599063282936889
"245",1531820,"Arial","high",36,0.234042553191489,26,21,0.553191489361702,0.133728811791069,-0.725598230194562,0.859327041985631
"246",1531820,"Sans Forgetica","high",37,0.212765957446809,29,18,0.617021276595745,0.297666850186396,-0.796860738826714,1.09452758901311
"247",1531822,"Arial","high",41,0.127659574468085,29,18,0.617021276595745,0.297666850186396,-1.13752435547256,1.43519120565895
"248",1531822,"Sans Forgetica","high",36,0.234042553191489,42,5,0.893617021276596,1.24599574462694,-0.725598230194562,1.9715939748215
"249",1531824,"Arial","high",14,0.702127659574468,24,23,0.51063829787234,0.0266694193761598,0.530529760189066,-0.503860340812906
"250",1531824,"Sans Forgetica","high",26,0.446808510638298,31,16,0.659574468085106,0.411302053760771,-0.133728811791069,0.54503086555184
"251",1531826,"Arial","high",27,0.425531914893617,33,14,0.702127659574468,0.530529760189066,-0.187761229176118,0.718290989365184
"252",1531826,"Sans Forgetica","high",30,0.361702127659574,37,10,0.787234042553192,0.796860738826714,-0.353912771664911,1.15077351049163
"253",1531834,"Arial","high",37,0.212765957446809,33,14,0.702127659574468,0.530529760189066,-0.796860738826714,1.32739049901578
"254",1531834,"Sans Forgetica","high",37,0.212765957446809,37,10,0.787234042553192,0.796860738826714,-0.796860738826714,1.59372147765343
"255",1531840,"Arial","high",19,0.595744680851064,32,15,0.680851063829787,0.470079986348763,0.242347851741802,0.22773213460696
"256",1531840,"Sans Forgetica","high",18,0.617021276595745,35,12,0.74468085106383,0.657844124431857,0.297666850186396,0.360177274245461
"257",1531843,"Arial","high",29,0.382978723404255,24,23,0.51063829787234,0.0266694193761598,-0.297666850186396,0.324336269562556
"258",1531843,"Sans Forgetica","high",27,0.425531914893617,33,14,0.702127659574468,0.530529760189066,-0.187761229176118,0.718290989365184
"259",1531844,"Arial","high",43,0.0851063829787234,11,36,0.234042553191489,-0.725598230194562,-1.37152047280283,0.64592224260827
"260",1531844,"Sans Forgetica","high",47,0.01,6,41,0.127659574468085,-1.13752435547256,-2.32634787404084,1.18882351856828
"261",1531845,"Arial","high",44,0.0638297872340425,17,30,0.361702127659574,-0.353912771664911,-1.52339635071863,1.16948357905372
"262",1531845,"Sans Forgetica","high",38,0.191489361702128,25,22,0.531914893617021,0.0800842957968131,-0.87242104571719,0.952505341514003
"263",1531847,"Arial","high",32,0.319148936170213,33,14,0.702127659574468,0.530529760189066,-0.470079986348763,1.00060974653783
"264",1531847,"Sans Forgetica","high",31,0.340425531914894,26,21,0.553191489361702,0.133728811791069,-0.411302053760771,0.54503086555184
"265",1531851,"Arial","high",36,0.234042553191489,23,24,0.48936170212766,-0.0266694193761599,-0.725598230194562,0.698928810818402
"266",1531851,"Sans Forgetica","high",40,0.148936170212766,20,27,0.425531914893617,-0.187761229176118,-1.04100691175612,0.85324568258
"267",1531854,"Arial","high",38,0.191489361702128,28,19,0.595744680851064,0.242347851741802,-0.87242104571719,1.11476889745899
"268",1531854,"Sans Forgetica","high",44,0.0638297872340425,29,18,0.617021276595745,0.297666850186396,-1.52339635071863,1.82106320090503
"269",1531859,"Arial","high",44,0.0638297872340425,23,24,0.48936170212766,-0.0266694193761599,-1.52339635071863,1.49672693134247
"270",1531859,"Sans Forgetica","high",41,0.127659574468085,17,30,0.361702127659574,-0.353912771664911,-1.13752435547256,0.783611583807646
"271",1531862,"Arial","high",28,0.404255319148936,29,18,0.617021276595745,0.297666850186396,-0.242347851741802,0.540014701928198
"272",1531862,"Sans Forgetica","high",33,0.297872340425532,26,21,0.553191489361702,0.133728811791069,-0.530529760189066,0.664258571980135
"273",1531864,"Arial","high",31,0.340425531914894,28,19,0.595744680851064,0.242347851741802,-0.411302053760771,0.653649905502573
"274",1531864,"Sans Forgetica","high",26,0.446808510638298,34,13,0.723404255319149,0.592984553981632,-0.133728811791069,0.726713365772701
"275",1531873,"Arial","high",2,0.957446808510638,47,NA,0.99,2.32634787404084,1.72179653240106,0.604551341639779
"276",1531873,"Sans Forgetica","high",7,0.851063829787234,46,1,0.978723404255319,2.02806914493391,1.04100691175612,0.987062233177789
"277",1531875,"Arial","high",43,0.0851063829787234,18,29,0.382978723404255,-0.297666850186396,-1.37152047280283,1.07385362261644
"278",1531875,"Sans Forgetica","high",41,0.127659574468085,20,27,0.425531914893617,-0.187761229176118,-1.13752435547256,0.949763126296439
"279",1531877,"Arial","high",38,0.191489361702128,10,37,0.212765957446809,-0.796860738826714,-0.87242104571719,0.0755603068904762
"280",1531877,"Sans Forgetica","high",32,0.319148936170213,30,17,0.638297872340426,0.353912771664911,-0.470079986348763,0.823992758013674
"281",1531878,"Arial","high",45,0.0425531914893617,10,37,0.212765957446809,-0.796860738826714,-1.72179653240106,0.924935793574346
"282",1531878,"Sans Forgetica","high",43,0.0851063829787234,9,38,0.191489361702128,-0.87242104571719,-1.37152047280283,0.499099427085642
"283",1531879,"Arial","high",38,0.191489361702128,12,35,0.25531914893617,-0.657844124431858,-0.87242104571719,0.214576921285332
"284",1531879,"Sans Forgetica","high",20,0.574468085106383,30,17,0.638297872340426,0.353912771664911,0.187761229176118,0.166151542488793
"285",1531880,"Arial","high",34,0.276595744680851,27,20,0.574468085106383,0.187761229176118,-0.592984553981632,0.78074578315775
"286",1531880,"Sans Forgetica","high",24,0.48936170212766,33,14,0.702127659574468,0.530529760189066,-0.0266694193761599,0.557199179565226
"287",1531881,"Arial","high",17,0.638297872340426,36,11,0.765957446808511,0.725598230194562,0.353912771664911,0.371685458529651
"288",1531881,"Sans Forgetica","high",10,0.787234042553192,42,5,0.893617021276596,1.24599574462694,0.796860738826714,0.449135005800223
"289",1531883,"Arial","high",27,0.425531914893617,23,24,0.48936170212766,-0.0266694193761599,-0.187761229176118,0.161091809799958
"290",1531883,"Sans Forgetica","high",18,0.617021276595745,30,17,0.638297872340426,0.353912771664911,0.297666850186396,0.0562459214785153
"291",1531884,"Arial","high",39,0.170212765957447,25,22,0.531914893617021,0.0800842957968131,-0.953324795893626,1.03340909169044
"292",1531884,"Sans Forgetica","high",33,0.297872340425532,31,16,0.659574468085106,0.411302053760771,-0.530529760189066,0.941831813949837
"293",1531890,"Arial","high",16,0.659574468085106,39,8,0.829787234042553,0.953324795893626,0.411302053760771,0.542022742132855
"294",1531890,"Sans Forgetica","high",9,0.808510638297872,37,10,0.787234042553192,0.796860738826714,0.872421045717189,-0.0755603068904757
"295",1531900,"Arial","high",16,0.659574468085106,37,10,0.787234042553192,0.796860738826714,0.411302053760771,0.385558685065943
"296",1531900,"Sans Forgetica","high",12,0.74468085106383,44,3,0.936170212765957,1.52339635071863,0.657844124431857,0.865552226286774
"297",1531902,"Arial","high",28,0.404255319148936,36,11,0.765957446808511,0.725598230194562,-0.242347851741802,0.967946081936364
"298",1531902,"Sans Forgetica","high",13,0.723404255319149,38,9,0.808510638297872,0.872421045717189,0.592984553981632,0.279436491735558
"299",1531907,"Arial","high",37,0.212765957446809,15,32,0.319148936170213,-0.470079986348763,-0.796860738826714,0.326780752477951
"300",1531907,"Sans Forgetica","high",34,0.276595744680851,20,27,0.425531914893617,-0.187761229176118,-0.592984553981632,0.405223324805514
"301",1531909,"Arial","high",40,0.148936170212766,24,23,0.51063829787234,0.0266694193761598,-1.04100691175612,1.06767633113228
"302",1531909,"Sans Forgetica","high",35,0.25531914893617,24,23,0.51063829787234,0.0266694193761598,-0.657844124431858,0.684513543808017
"303",1531911,"Arial","high",25,0.468085106382979,32,15,0.680851063829787,0.470079986348763,-0.0800842957968131,0.550164282145576
"304",1531911,"Sans Forgetica","high",36,0.234042553191489,22,25,0.468085106382979,-0.0800842957968131,-0.725598230194562,0.645513934397749
"305",1531914,"Arial","high",33,0.297872340425532,22,25,0.468085106382979,-0.0800842957968131,-0.530529760189066,0.450445464392253
"306",1531914,"Sans Forgetica","high",18,0.617021276595745,30,17,0.638297872340426,0.353912771664911,0.297666850186396,0.0562459214785153
"307",1531918,"Arial","high",36,0.234042553191489,30,17,0.638297872340426,0.353912771664911,-0.725598230194562,1.07951100185947
"308",1531918,"Sans Forgetica","high",37,0.212765957446809,37,10,0.787234042553192,0.796860738826714,-0.796860738826714,1.59372147765343
"309",1531929,"Arial","high",21,0.553191489361702,25,22,0.531914893617021,0.0800842957968131,0.133728811791069,-0.0536445159942559
"310",1531929,"Sans Forgetica","high",31,0.340425531914894,18,29,0.382978723404255,-0.297666850186396,-0.411302053760771,0.113635203574375
"311",1531931,"Arial","high",38,0.191489361702128,22,25,0.468085106382979,-0.0800842957968131,-0.87242104571719,0.792336749920377
"312",1531931,"Sans Forgetica","high",32,0.319148936170213,28,19,0.595744680851064,0.242347851741802,-0.470079986348763,0.712427838090565
"313",1531932,"Arial","high",24,0.48936170212766,45,2,0.957446808510638,1.72179653240106,-0.0266694193761599,1.74846595177722
"314",1531932,"Sans Forgetica","high",22,0.531914893617021,39,8,0.829787234042553,0.953324795893626,0.0800842957968131,0.873240500096813
"315",1531933,"Arial","high",20,0.574468085106383,39,8,0.829787234042553,0.953324795893626,0.187761229176118,0.765563566717508
"316",1531933,"Sans Forgetica","high",21,0.553191489361702,43,4,0.914893617021277,1.37152047280283,0.133728811791069,1.23779166101176
"317",1531940,"Arial","high",23,0.51063829787234,37,10,0.787234042553192,0.796860738826714,0.0266694193761598,0.770191319450554
"318",1531940,"Sans Forgetica","high",31,0.340425531914894,35,12,0.74468085106383,0.657844124431857,-0.411302053760771,1.06914617819263
"319",1531941,"Arial","high",44,0.0638297872340425,14,33,0.297872340425532,-0.530529760189066,-1.52339635071863,0.992866590529565
"320",1531941,"Sans Forgetica","high",47,0.01,16,31,0.340425531914894,-0.411302053760771,-2.32634787404084,1.91504582028007
"321",1531942,"Arial","high",28,0.404255319148936,22,25,0.468085106382979,-0.0800842957968131,-0.242347851741802,0.162263555944989
"322",1531942,"Sans Forgetica","high",26,0.446808510638298,34,13,0.723404255319149,0.592984553981632,-0.133728811791069,0.726713365772701
"323",1531944,"Arial","high",40,0.148936170212766,22,25,0.468085106382979,-0.0800842957968131,-1.04100691175612,0.960922615959305
"324",1531944,"Sans Forgetica","high",36,0.234042553191489,23,24,0.48936170212766,-0.0266694193761599,-0.725598230194562,0.698928810818402
"325",1531951,"Arial","high",21,0.553191489361702,25,22,0.531914893617021,0.0800842957968131,0.133728811791069,-0.0536445159942559
"326",1531951,"Sans Forgetica","high",22,0.531914893617021,33,14,0.702127659574468,0.530529760189066,0.0800842957968131,0.450445464392253
"327",1531962,"Arial","high",32,0.319148936170213,28,19,0.595744680851064,0.242347851741802,-0.470079986348763,0.712427838090565
"328",1531962,"Sans Forgetica","high",36,0.234042553191489,36,11,0.765957446808511,0.725598230194562,-0.725598230194562,1.45119646038912
"329",1531968,"Arial","high",26,0.446808510638298,23,24,0.48936170212766,-0.0266694193761599,-0.133728811791069,0.107059392414909
"330",1531968,"Sans Forgetica","high",23,0.51063829787234,30,17,0.638297872340426,0.353912771664911,0.0266694193761598,0.327243352288752
"331",1531969,"Arial","high",28,0.404255319148936,29,18,0.617021276595745,0.297666850186396,-0.242347851741802,0.540014701928198
"332",1531969,"Sans Forgetica","high",27,0.425531914893617,29,18,0.617021276595745,0.297666850186396,-0.187761229176118,0.485428079362514
"333",1531973,"Arial","high",24,0.48936170212766,19,28,0.404255319148936,-0.242347851741802,-0.0266694193761599,-0.215678432365642
"334",1531973,"Sans Forgetica","high",22,0.531914893617021,27,20,0.574468085106383,0.187761229176118,0.0800842957968131,0.107676933379305
"335",1531975,"Arial","high",28,0.404255319148936,35,12,0.74468085106383,0.657844124431857,-0.242347851741802,0.90019197617366
"336",1531975,"Sans Forgetica","high",22,0.531914893617021,33,14,0.702127659574468,0.530529760189066,0.0800842957968131,0.450445464392253
"337",1531980,"Arial","high",28,0.404255319148936,31,16,0.659574468085106,0.411302053760771,-0.242347851741802,0.653649905502573
"338",1531980,"Sans Forgetica","high",15,0.680851063829787,36,11,0.765957446808511,0.725598230194562,0.470079986348763,0.255518243845799
"339",1531982,"Arial","high",30,0.361702127659574,37,10,0.787234042553192,0.796860738826714,-0.353912771664911,1.15077351049163
"340",1531982,"Sans Forgetica","high",18,0.617021276595745,38,9,0.808510638297872,0.872421045717189,0.297666850186396,0.574754195530793
"341",1531983,"Arial","high",41,0.127659574468085,31,16,0.659574468085106,0.411302053760771,-1.13752435547256,1.54882640923333
"342",1531983,"Sans Forgetica","high",40,0.148936170212766,33,14,0.702127659574468,0.530529760189066,-1.04100691175612,1.57153667194518
"343",1531984,"Arial","high",20,0.574468085106383,38,9,0.808510638297872,0.872421045717189,0.187761229176118,0.684659816541071
"344",1531984,"Sans Forgetica","high",10,0.787234042553192,35,12,0.74468085106383,0.657844124431857,0.796860738826714,-0.139016614394856
"345",1531985,"Arial","high",35,0.25531914893617,36,11,0.765957446808511,0.725598230194562,-0.657844124431858,1.38344235462642
"346",1531985,"Sans Forgetica","high",35,0.25531914893617,43,4,0.914893617021277,1.37152047280283,-0.657844124431858,2.02936459723469
"347",1531986,"Arial","high",47,0.01,38,9,0.808510638297872,0.872421045717189,-2.32634787404084,3.19876891975803
"348",1531986,"Sans Forgetica","high",47,0.01,42,5,0.893617021276596,1.24599574462694,-2.32634787404084,3.57234361866778
"349",1531987,"Arial","high",37,0.212765957446809,19,28,0.404255319148936,-0.242347851741802,-0.796860738826714,0.554512887084912
"350",1531987,"Sans Forgetica","high",32,0.319148936170213,17,30,0.361702127659574,-0.353912771664911,-0.470079986348763,0.116167214683851
"351",1531988,"Arial","high",36,0.234042553191489,30,17,0.638297872340426,0.353912771664911,-0.725598230194562,1.07951100185947
"352",1531988,"Sans Forgetica","high",41,0.127659574468085,28,19,0.595744680851064,0.242347851741802,-1.13752435547256,1.37987220721436
"353",1531989,"Arial","high",37,0.212765957446809,27,20,0.574468085106383,0.187761229176118,-0.796860738826714,0.984621968002832
"354",1531989,"Sans Forgetica","high",28,0.404255319148936,35,12,0.74468085106383,0.657844124431857,-0.242347851741802,0.90019197617366
"355",1532152,"Arial","low",37,0.212765957446809,25,22,0.531914893617021,0.0800842957968131,-0.796860738826714,0.876945034623527
"356",1532152,"Sans Forgetica","low",20,0.574468085106383,23,24,0.48936170212766,-0.0266694193761599,0.187761229176118,-0.214430648552278
"357",1532156,"Arial","low",23,0.51063829787234,25,22,0.531914893617021,0.0800842957968131,0.0266694193761598,0.0534148764206533
"358",1532156,"Sans Forgetica","low",26,0.446808510638298,28,19,0.595744680851064,0.242347851741802,-0.133728811791069,0.376076663532871
"359",1532157,"Arial","low",26,0.446808510638298,34,13,0.723404255319149,0.592984553981632,-0.133728811791069,0.726713365772701
"360",1532157,"Sans Forgetica","low",28,0.404255319148936,36,11,0.765957446808511,0.725598230194562,-0.242347851741802,0.967946081936364
"361",1532158,"Arial","low",12,0.74468085106383,45,2,0.957446808510638,1.72179653240106,0.657844124431857,1.0639524079692
"362",1532158,"Sans Forgetica","low",17,0.638297872340426,47,NA,0.99,2.32634787404084,0.353912771664911,1.97243510237593
"363",1532160,"Arial","low",37,0.212765957446809,15,32,0.319148936170213,-0.470079986348763,-0.796860738826714,0.326780752477951
"364",1532160,"Sans Forgetica","low",7,0.851063829787234,38,9,0.808510638297872,0.872421045717189,1.04100691175612,-0.168585866038928
"365",1532175,"Arial","high",45,0.0425531914893617,7,40,0.148936170212766,-1.04100691175612,-1.72179653240106,0.680789620644943
"366",1532175,"Sans Forgetica","high",6,0.872340425531915,38,9,0.808510638297872,0.872421045717189,1.13752435547256,-0.265103309755367
"367",1532177,"Arial","high",38,0.191489361702128,40,7,0.851063829787234,1.04100691175612,-0.87242104571719,1.91342795747331
"368",1532177,"Sans Forgetica","high",35,0.25531914893617,40,7,0.851063829787234,1.04100691175612,-0.657844124431858,1.69885103618798
"369",1532178,"Arial","high",46,0.0212765957446809,43,4,0.914893617021277,1.37152047280283,-2.02806914493391,3.39958961773674
"370",1532178,"Sans Forgetica","high",43,0.0851063829787234,39,8,0.829787234042553,0.953324795893626,-1.37152047280283,2.32484526869646
"371",1532183,"Arial","high",36,0.234042553191489,26,21,0.553191489361702,0.133728811791069,-0.725598230194562,0.859327041985631
"372",1532183,"Sans Forgetica","high",16,0.659574468085106,38,9,0.808510638297872,0.872421045717189,0.411302053760771,0.461118991956418
"373",1532189,"Arial","high",33,0.297872340425532,27,20,0.574468085106383,0.187761229176118,-0.530529760189066,0.718290989365184
"374",1532189,"Sans Forgetica","high",26,0.446808510638298,40,7,0.851063829787234,1.04100691175612,-0.133728811791069,1.17473572354719
"375",1532209,"Arial","low",28,0.404255319148936,26,21,0.553191489361702,0.133728811791069,-0.242347851741802,0.376076663532871
"376",1532209,"Sans Forgetica","low",26,0.446808510638298,34,13,0.723404255319149,0.592984553981632,-0.133728811791069,0.726713365772701
"377",1532211,"Arial","low",1,0.978723404255319,47,NA,0.99,2.32634787404084,2.02806914493391,0.298278729106935
"378",1532211,"Sans Forgetica","low",47,0.01,NA,47,0.99,2.32634787404084,-2.32634787404084,4.65269574808168
"379",1532218,"Arial","high",29,0.382978723404255,29,18,0.617021276595745,0.297666850186396,-0.297666850186396,0.595333700372792
"380",1532218,"Sans Forgetica","high",23,0.51063829787234,38,9,0.808510638297872,0.872421045717189,0.0266694193761598,0.84575162634103
"381",1532220,"Arial","high",31,0.340425531914894,29,18,0.617021276595745,0.297666850186396,-0.411302053760771,0.708968903947167
"382",1532220,"Sans Forgetica","high",21,0.553191489361702,36,11,0.765957446808511,0.725598230194562,0.133728811791069,0.591869418403493
"383",1532226,"Arial","low",41,0.127659574468085,37,10,0.787234042553192,0.796860738826714,-1.13752435547256,1.93438509429927
"384",1532226,"Sans Forgetica","low",44,0.0638297872340425,40,7,0.851063829787234,1.04100691175612,-1.52339635071863,2.56440326247475
"385",1532271,"Arial","low",12,0.74468085106383,40,7,0.851063829787234,1.04100691175612,0.657844124431857,0.38316278732426
"386",1532271,"Sans Forgetica","low",10,0.787234042553192,44,3,0.936170212765957,1.52339635071863,0.796860738826714,0.726535611891918
"387",1532309,"Arial","low",34,0.276595744680851,19,28,0.404255319148936,-0.242347851741802,-0.592984553981632,0.35063670223983
"388",1532309,"Sans Forgetica","low",17,0.638297872340426,34,13,0.723404255319149,0.592984553981632,0.353912771664911,0.239071782316721
"389",1532543,"Arial","high",21,0.553191489361702,41,6,0.872340425531915,1.13752435547256,0.133728811791069,1.00379554368149
"390",1532543,"Sans Forgetica","high",35,0.25531914893617,32,15,0.680851063829787,0.470079986348763,-0.657844124431858,1.12792411078062
"391",1532550,"Arial","high",35,0.25531914893617,34,13,0.723404255319149,0.592984553981632,-0.657844124431858,1.25082867841349
"392",1532550,"Sans Forgetica","high",28,0.404255319148936,41,6,0.872340425531915,1.13752435547256,-0.242347851741802,1.37987220721436
"393",1690573,"Arial","high",45,0.0425531914893617,13,34,0.276595744680851,-0.592984553981632,-1.72179653240106,1.12881197841943
"394",1690573,"Sans Forgetica","high",41,0.127659574468085,21,26,0.446808510638298,-0.133728811791069,-1.13752435547256,1.00379554368149
"395",1690598,"Arial","high",39,0.170212765957447,36,11,0.765957446808511,0.725598230194562,-0.953324795893626,1.67892302608819
"396",1690598,"Sans Forgetica","high",37,0.212765957446809,34,13,0.723404255319149,0.592984553981632,-0.796860738826714,1.38984529280835
"397",1690606,"Arial","high",35,0.25531914893617,25,22,0.531914893617021,0.0800842957968131,-0.657844124431858,0.737928420228671
"398",1690606,"Sans Forgetica","high",29,0.382978723404255,33,14,0.702127659574468,0.530529760189066,-0.297666850186396,0.828196610375462
"399",1690607,"Arial","high",44,0.0638297872340425,13,34,0.276595744680851,-0.592984553981632,-1.52339635071863,0.930411796736999
"400",1690607,"Sans Forgetica","high",45,0.0425531914893617,21,26,0.446808510638298,-0.133728811791069,-1.72179653240106,1.58806772060999
"401",1690608,"Arial","high",25,0.468085106382979,36,11,0.765957446808511,0.725598230194562,-0.0800842957968131,0.805682525991375
"402",1690608,"Sans Forgetica","high",27,0.425531914893617,35,12,0.74468085106383,0.657844124431857,-0.187761229176118,0.845605353607975
"403",1690611,"Arial","high",34,0.276595744680851,39,8,0.829787234042553,0.953324795893626,-0.592984553981632,1.54630934987526
"404",1690611,"Sans Forgetica","high",34,0.276595744680851,37,10,0.787234042553192,0.796860738826714,-0.592984553981632,1.38984529280835
"405",1690623,"Arial","high",24,0.48936170212766,34,13,0.723404255319149,0.592984553981632,-0.0266694193761599,0.619653973357792
"406",1690623,"Sans Forgetica","high",28,0.404255319148936,31,16,0.659574468085106,0.411302053760771,-0.242347851741802,0.653649905502573
"407",1690626,"Arial","high",17,0.638297872340426,34,13,0.723404255319149,0.592984553981632,0.353912771664911,0.239071782316721
"408",1690626,"Sans Forgetica","high",29,0.382978723404255,38,9,0.808510638297872,0.872421045717189,-0.297666850186396,1.17008789590359
"409",1690629,"Arial","high",43,0.0851063829787234,6,41,0.127659574468085,-1.13752435547256,-1.37152047280283,0.233996117330275
"410",1690629,"Sans Forgetica","high",32,0.319148936170213,19,28,0.404255319148936,-0.242347851741802,-0.470079986348763,0.22773213460696
"411",1690640,"Arial","high",34,0.276595744680851,30,17,0.638297872340426,0.353912771664911,-0.592984553981632,0.946897325646543
"412",1690640,"Sans Forgetica","high",36,0.234042553191489,37,10,0.787234042553192,0.796860738826714,-0.725598230194562,1.52245896902128
"413",1690642,"Arial","high",40,0.148936170212766,15,32,0.319148936170213,-0.470079986348763,-1.04100691175612,0.570926925407355
"414",1690642,"Sans Forgetica","high",42,0.106382978723404,20,27,0.425531914893617,-0.187761229176118,-1.24599574462694,1.05823451545082
"415",1690644,"Arial","high",39,0.170212765957447,35,12,0.74468085106383,0.657844124431857,-0.953324795893626,1.61116892032548
"416",1690644,"Sans Forgetica","high",38,0.191489361702128,31,16,0.659574468085106,0.411302053760771,-0.87242104571719,1.28372309947796
"417",1690645,"Arial","high",32,0.319148936170213,28,19,0.595744680851064,0.242347851741802,-0.470079986348763,0.712427838090565
"418",1690645,"Sans Forgetica","high",26,0.446808510638298,22,25,0.468085106382979,-0.0800842957968131,-0.133728811791069,0.0536445159942559
"419",1690646,"Arial","high",33,0.297872340425532,24,23,0.51063829787234,0.0266694193761598,-0.530529760189066,0.557199179565226
"420",1690646,"Sans Forgetica","high",19,0.595744680851064,29,18,0.617021276595745,0.297666850186396,0.242347851741802,0.055318998444594
"421",1690649,"Arial","high",40,0.148936170212766,39,8,0.829787234042553,0.953324795893626,-1.04100691175612,1.99433170764974
"422",1690649,"Sans Forgetica","high",40,0.148936170212766,41,6,0.872340425531915,1.13752435547256,-1.04100691175612,2.17853126722867
"423",1690661,"Arial","high",37,0.212765957446809,16,31,0.340425531914894,-0.411302053760771,-0.796860738826714,0.385558685065943
"424",1690661,"Sans Forgetica","high",43,0.0851063829787234,23,24,0.48936170212766,-0.0266694193761599,-1.37152047280283,1.34485105342667
"425",1690666,"Arial","high",24,0.48936170212766,39,8,0.829787234042553,0.953324795893626,-0.0266694193761599,0.979994215269786
"426",1690666,"Sans Forgetica","high",19,0.595744680851064,35,12,0.74468085106383,0.657844124431857,0.242347851741802,0.415496272690055
"427",1690668,"Arial","high",44,0.0638297872340425,47,NA,0.99,2.32634787404084,-1.52339635071863,3.84974422475947
"428",1690668,"Sans Forgetica","high",44,0.0638297872340425,45,2,0.957446808510638,1.72179653240106,-1.52339635071863,3.24519288311969
"429",1690670,"Arial","high",30,0.361702127659574,27,20,0.574468085106383,0.187761229176118,-0.353912771664911,0.541674000841029
"430",1690670,"Sans Forgetica","high",24,0.48936170212766,28,19,0.595744680851064,0.242347851741802,-0.0266694193761599,0.269017271117962
"431",1690674,"Arial","high",33,0.297872340425532,19,28,0.404255319148936,-0.242347851741802,-0.530529760189066,0.288181908447264
"432",1690674,"Sans Forgetica","high",21,0.553191489361702,37,10,0.787234042553192,0.796860738826714,0.133728811791069,0.663131927035645
"433",1690675,"Arial","high",34,0.276595744680851,20,27,0.425531914893617,-0.187761229176118,-0.592984553981632,0.405223324805514
"434",1690675,"Sans Forgetica","high",25,0.468085106382979,35,12,0.74468085106383,0.657844124431857,-0.0800842957968131,0.73792842022867
"435",1690676,"Arial","high",31,0.340425531914894,34,13,0.723404255319149,0.592984553981632,-0.411302053760771,1.0042866077424
"436",1690676,"Sans Forgetica","high",28,0.404255319148936,35,12,0.74468085106383,0.657844124431857,-0.242347851741802,0.90019197617366
"437",1690680,"Arial","high",41,0.127659574468085,29,18,0.617021276595745,0.297666850186396,-1.13752435547256,1.43519120565895
"438",1690680,"Sans Forgetica","high",36,0.234042553191489,30,17,0.638297872340426,0.353912771664911,-0.725598230194562,1.07951100185947
"439",1690683,"Arial","high",38,0.191489361702128,24,23,0.51063829787234,0.0266694193761598,-0.87242104571719,0.89909046509335
"440",1690683,"Sans Forgetica","high",27,0.425531914893617,32,15,0.680851063829787,0.470079986348763,-0.187761229176118,0.657841215524881
"441",1690684,"Arial","high",17,0.638297872340426,36,11,0.765957446808511,0.725598230194562,0.353912771664911,0.371685458529651
"442",1690684,"Sans Forgetica","high",19,0.595744680851064,44,3,0.936170212765957,1.52339635071863,0.242347851741802,1.28104849897683
"443",1690690,"Arial","high",29,0.382978723404255,32,15,0.680851063829787,0.470079986348763,-0.297666850186396,0.767746836535159
"444",1690690,"Sans Forgetica","high",15,0.680851063829787,37,10,0.787234042553192,0.796860738826714,0.470079986348763,0.326780752477951
"445",1690691,"Arial","high",45,0.0425531914893617,22,25,0.468085106382979,-0.0800842957968131,-1.72179653240106,1.64171223660425
"446",1690691,"Sans Forgetica","high",34,0.276595744680851,37,10,0.787234042553192,0.796860738826714,-0.592984553981632,1.38984529280835
"447",1690695,"Arial","high",32,0.319148936170213,33,14,0.702127659574468,0.530529760189066,-0.470079986348763,1.00060974653783
"448",1690695,"Sans Forgetica","high",23,0.51063829787234,40,7,0.851063829787234,1.04100691175612,0.0266694193761598,1.01433749237996
"449",1690696,"Arial","high",46,0.0212765957446809,27,20,0.574468085106383,0.187761229176118,-2.02806914493391,2.21583037411002
"450",1690696,"Sans Forgetica","high",44,0.0638297872340425,38,9,0.808510638297872,0.872421045717189,-1.52339635071863,2.39581739643582
"451",1690699,"Arial","high",31,0.340425531914894,24,23,0.51063829787234,0.0266694193761598,-0.411302053760771,0.437971473136931
"452",1690699,"Sans Forgetica","high",25,0.468085106382979,25,22,0.531914893617021,0.0800842957968131,-0.0800842957968131,0.160168591593626
"453",1690700,"Arial","high",40,0.148936170212766,19,28,0.404255319148936,-0.242347851741802,-1.04100691175612,0.798659060014315
"454",1690700,"Sans Forgetica","high",38,0.191489361702128,27,20,0.574468085106383,0.187761229176118,-0.87242104571719,1.06018227489331
"455",1690704,"Arial","high",40,0.148936170212766,2,45,0.0425531914893617,-1.72179653240106,-1.04100691175612,-0.680789620644943
"456",1690704,"Sans Forgetica","high",39,0.170212765957447,22,25,0.468085106382979,-0.0800842957968131,-0.953324795893626,0.873240500096813
"457",1690708,"Arial","high",43,0.0851063829787234,12,35,0.25531914893617,-0.657844124431858,-1.37152047280283,0.713676348370974
"458",1690708,"Sans Forgetica","high",39,0.170212765957447,26,21,0.553191489361702,0.133728811791069,-0.953324795893626,1.0870536076847
"459",1690946,"Arial","high",40,0.148936170212766,32,15,0.680851063829787,0.470079986348763,-1.04100691175612,1.51108689810488
"460",1690946,"Sans Forgetica","high",35,0.25531914893617,31,16,0.659574468085106,0.411302053760771,-0.657844124431858,1.06914617819263
"461",1690957,"Arial","high",45,0.0425531914893617,17,30,0.361702127659574,-0.353912771664911,-1.72179653240106,1.36788376073615
"462",1690957,"Sans Forgetica","high",37,0.212765957446809,22,25,0.468085106382979,-0.0800842957968131,-0.796860738826714,0.716776443029901
